num_layers,optimizer,learning_rate,hidden_size,val_loss
2,Adam,0.01,32,0.09733212739229202
2,Adam,0.01,64,0.19447365403175354
2,Adam,0.01,128,0.25985756516456604
2,Adam,0.001,32,0.10289360582828522
2,Adam,0.001,64,0.09241188317537308
